time,x_0,x_1
0.0,2.0,0.0
0.1507537688442211,1.980602968178428,-0.23747027547647673
0.3015075376884422,1.9330902410857176,-0.3813242804526958
0.4522613065326633,1.8683157374624701,-0.47113865976084096
0.6030150753768844,1.792533528497176,-0.5310345235025955
0.7537688442211055,1.7089831754376117,-0.5752671286339929
0.9045226130653266,1.619457914623618,-0.6121410815694903
1.0552763819095476,1.5245206581971744,-0.6469686816765224
1.2060301507537687,1.4243168557173695,-0.6834144585181061
1.3567839195979898,1.3182309413273978,-0.7245876638758937
1.507537688442211,1.2054740917704208,-0.7733825752466759
1.658291457286432,1.084506130410298,-0.8330681818810646
1.809045226130653,0.9535799094338255,-0.9072746240865809
1.9597989949748742,0.810004563962196,-1.0004612890608975
2.1105527638190953,0.6506422632988076,-1.1174908404247321
2.2613065326633164,0.4716554397245065,-1.2630004529359458
2.4120603015075375,0.26825932926465734,-1.439687818640287
2.5628140703517586,0.03624845310407641,-1.6428037892147391
2.7135678391959797,-0.2274217915886871,-1.8521826425325971
2.8643216080402008,-0.5201336062768849,-2.019901730009875
3.015075376884422,-0.830495634579944,-2.0693856931144796
3.165829145728643,-1.1342242910578948,-1.9255100579973046
3.316582914572864,-1.4006101635223487,-1.5781157613567354
3.467336683417085,-1.6040724663429355,-1.1130188355778465
3.618090452261306,-1.736471992986768,-0.652514341873856
3.7688442211055273,-1.8052426588898483,-0.27748546057842405
3.9195979899497484,-1.8253597119441844,-0.005726019803900303
4.0703517587939695,-1.8113207401003208,0.17968908296160427
4.221105527638191,-1.7742325781608588,0.30446333658715696
4.371859296482412,-1.7214390404570512,0.3907934116496711
4.522613065326633,-1.6575479218491405,0.4543712132776098
4.673366834170854,-1.5850371440364661,0.5060013991886976
4.824120603015075,-1.505224440222667,0.5529354685606901
4.974874371859296,-1.4182873856629257,0.6005658707079216
5.125628140703517,-1.323907661233854,0.6531511919379379
5.276381909547738,-1.2209044507308202,0.714780803008806
5.427135678391959,-1.1077435790670103,0.78960997535787
5.57788944723618,-0.9819190016177102,0.8826322588600694
5.7286432160804015,-0.8404353847272588,0.999603382696592
5.879396984924623,-0.67896978483765,1.1476413589190102
6.030150753768844,-0.4923741892580023,1.334068921619498
6.180904522613065,-0.274566449137195,1.5639091695059884
6.331658291457286,-0.018809077653667364,1.8333761938929216
6.482412060301507,0.2788157736548639,2.1140163607891767
6.633165829145728,0.6156126971971918,2.3336777126349753
6.783919597989949,0.9733458308164876,2.3732101102134466
6.93467336683417,1.3167271342411702,2.1309125066677557
7.085427135678391,1.6028013552122382,1.6345300944751233
7.236180904522612,1.805026887487773,1.0488185788606443
7.3869346733668335,1.9230766308099507,0.5391389072747395
7.537688442211055,1.9747266935435814,0.16962916370306233
7.688442211055276,1.9806495025419821,-0.07300474757198962
7.839195979899497,1.9571205400967835,-0.227499476641907
7.989949748743718,1.9147656273710592,-0.327902334587724
8.140703517587939,1.8597580806843121,-0.398051130021142
8.29145728643216,1.7954752594761927,-0.45286021599031084
8.442211055276381,1.7235199557656846,-0.5016780364934696
8.592964824120603,1.6442015239172882,-0.550733970347584
8.743718592964823,1.5572402116970778,-0.6044832267732618
8.894472361809044,1.4615109485708973,-0.6668935265459573
9.045226130653266,1.3555465306487222,-0.7418600708594437
9.195979899497488,1.2369666183672756,-0.834142049927069
9.346733668341708,1.1029016699010665,-0.9495279554764651
9.497487437185928,0.9491211680643653,-1.0959186524342885
9.64824120603015,0.7704484599049214,-1.283065184488908
9.798994974874372,0.5596189245364095,-1.522787612444169
9.949748743718592,0.30822569674304046,-1.824199613284816
10.100502512562812,0.006650807541514938,-2.1829904720018445
10.251256281407034,-0.35083239159639995,-2.5522408354904647
10.402010050251256,-0.7570901409535983,-2.8042986105050787
10.552763819095476,-1.1804673345235601,-2.7432349605174653
10.703517587939697,-1.5626691895190445,-2.2644333970588075
10.854271356783919,-1.8499605954443323,-1.5281461405221204
11.00502512562814,-2.0254656417594865,-0.8259942883435818
11.15577889447236,-2.108870865777565,-0.31530674823185334
11.306532663316581,-2.130162651451303,0.005869837009449113
11.457286432160803,-2.113538773988367,0.19820946386116609
11.608040201005025,-2.0741279829721937,0.3159150426149376
11.758793969849245,-2.020222372751496,0.3945545957537336
11.909547738693465,-1.956095103997081,0.454582449313687
12.060301507537687,-1.8834962891024236,0.5078094227451864
12.21105527638191,-1.8029271289872886,0.5612161593799392
12.36180904522613,-1.7140463414982592,0.6195107454295983
12.51256281407035,-1.6156956425728375,0.6866606229048668
12.663316582914572,-1.5063859197787521,0.7665144585965309
12.814070351758794,-1.3837080529857206,0.8638819373799277
12.964824120603014,-1.2447533511789688,0.9847934048918019
13.115577889447234,-1.0851760058967355,1.1378013717737236
13.266331658291456,-0.8995512073307232,1.334032360251643
13.417085427135678,-0.6800486813773772,1.5880404498248748
13.567839195979898,-0.4171568266065864,1.913755683010154
13.718592964824118,-0.09922184807221907,2.3138363983195247
13.86934673366834,0.28218757081577495,2.7453528063441492
14.020100502512562,0.7232103045360956,3.066525899372055
14.170854271356783,1.1889063991287958,3.029162103621338
14.321608040201003,1.6101810313827363,2.48192341300968
14.472361809045225,1.9212836486206086,1.6254489329826243
14.623115577889447,2.1039115988086206,0.8320424564958223
14.773869346733667,2.18463884319912,0.28091811718629983
14.924623115577887,2.199745139070026,-0.05057406335586392
15.07537688442211,2.1763140483618546,-0.2431609024121825
15.226130653266331,2.1301870983631175,-0.36031891738356153
15.376884422110551,2.069504396590873,-0.4404373783053649
15.527638190954772,1.99819966033788,-0.5043374297857057
15.678391959798994,1.9176689743930238,-0.5635860074330301
15.829145728643216,1.828175364387163,-0.624901680587065
15.979899497487436,1.7289087437064703,-0.693128449298012
16.130653266331656,1.6185711169441568,-0.7724453187679342
16.281407035175878,1.4952367182706845,-0.8674360734276961
16.4321608040201,1.3559447689546458,-0.9841365586919247
16.58291457286432,1.1970472618564714,-1.1304098563847655
16.73366834170854,1.0130709918472067,-1.317488696494228
16.884422110552762,0.7970732502022315,-1.5596891221711626
17.035175879396984,0.5391796514496171,-1.873909183961026
17.185929648241206,0.22796977325904202,-2.2695894805931585
17.336683417085425,-0.1481774113942831,-2.7228988748341485
17.487437185929647,-0.5902525629648298,-3.1172357608066545
17.63819095477387,-1.0726213776571296,-3.2038985925276267
17.788944723618087,-1.528496473708678,-2.752208728711449
17.93969849246231,-1.880705478545313,-1.881436405582091
18.09045226130653,-2.0957647105320785,-0.9998291307769691
18.241206030150753,-2.195082006178554,-0.36495818268853214
18.391959798994975,-2.2184198654407736,0.020587102894516547
18.542713567839193,-2.197059811538364,0.24288314494355082
18.693467336683415,-2.1495694917893196,0.3767618551748284
18.844221105527637,-2.0856238492056867,0.46716297727929085
18.994974874371856,-2.009643213599929,0.5387255758383164
19.145728643216078,-1.9234805109375561,0.6045839598183799
19.2964824120603,-1.827246148392481,0.6725708404581269
19.44723618090452,-1.7203303296425756,0.7479996908289445
19.597989949748744,-1.6010976821459995,0.8358103163368796
19.748743718592962,-1.4674537970144836,0.941306277350839
19.899497487437184,-1.3160440074835176,1.0716040327630716
20.050251256281406,-1.1425424363303107,1.23614794832191
20.201005025125625,-0.9410016686550824,1.4477048006246438
20.351758793969847,-0.702848734083029,1.7228619335081568
20.50251256281407,-0.41758714319107404,2.077033423941372
20.65326633165829,-0.07254111111832742,2.5101074976976308
20.804020100502512,0.34035177550877616,2.962142220892059
20.95477386934673,0.8125521369833264,3.2498143660010075
21.105527638190953,1.2972809236374212,3.0880553006623614
21.256281407035175,1.715143670605823,2.377921110372622
21.407035175879393,2.0024658342363515,1.4347282636377088
21.557788944723615,2.1559806288334014,0.6459176150052968
21.708542713567837,2.211435084637974,0.13324409152872368
21.85929648241206,2.206816217597517,-0.16703564119554767
22.01005025125628,2.167239869361421,-0.3431953591764954
22.1608040201005,2.106496355364727,-0.4558794609590376
22.31155778894472,2.031227537389207,-0.5393651392075979
22.462311557788944,1.9444234509414788,-0.6118383892567233
22.613065326633162,1.8467793997338664,-0.6836842540790409
22.763819095477384,1.7379968265931607,-0.7614789407804806
22.914572864321606,1.6166086481088855,-0.8508135724031034
23.065326633165828,1.4806215075427056,-0.957339349011005
23.21608040201005,1.3267350728583258,-1.0883838176322338
23.36683417085427,1.1507815894543008,-1.2534131075390627
23.51758793969849,0.9464514349323331,-1.4656738568480905
23.668341708542712,0.7057178783545189,-1.7412188586533128
23.81909547738693,0.41744708555470705,-2.0960266915106227
23.969849246231153,0.06981066193881585,-2.52821813380281
24.120603015075375,-0.3458845924140998,-2.9767489020638207
24.271356783919597,-0.8196054630363889,-3.254083870439286
24.42211055276382,-1.3037803198399747,-3.07597373718251
24.572864321608037,-1.7187183194022986,-2.3527109032921825
24.72361809045226,-2.001916334010263,-1.4068383064415184
24.87437185929648,-2.1514439436840336,-0.6212555505360736
25.0251256281407,-2.2034192571998164,-0.11139070537696966
25.17587939698492,-2.1955746171961272,0.1883241315997671
25.326633165829143,-2.152751097351544,0.3655953023624332
25.477386934673365,-2.088419908354071,0.4806544742642334
25.628140703517587,-2.0092538837372085,0.5670803718372062
25.778894472361806,-1.9179445940449633,0.6432155409869065
25.929648241206028,-1.8153239526559,0.719351240048091
26.08040201005025,-1.7006989439396583,0.8025411799396731
26.23115577889447,-1.572627726582454,0.8986764023460916
26.38190954773869,-1.428787497751363,1.0141218462357426
26.532663316582912,-1.265478877012025,1.157175119386664
26.683417085427134,-1.0779898977508808,1.338558714492146
26.834170854271356,-0.859232322935316,1.5729276381636499
26.984924623115575,-0.6002736381534775,1.8767687447893993
27.135678391959797,-0.28922167187127545,2.2621705537732764
27.28643216080402,0.08502742912094793,2.710177589780733
27.437185929648237,0.5261303714095096,3.1172259660853543
27.58793969849246,1.0107899456121818,3.2425901945503077
27.73869346733668,1.4763339601607222,2.8346999162053197
27.889447236180903,1.8419322709551191,1.9715944659784046
28.040201005025125,2.0684534644818706,1.0575680618491026
28.190954773869343,2.1733599453982246,0.381276064920273
28.341708542713565,2.1966159223545154,-0.03596028445065937
28.492462311557787,2.1711449052061824,-0.28045800891151584
28.643216080402006,2.1167829305453014,-0.4300840342864837
28.793969849246228,2.043760356540475,-0.5333424848874182
28.94472361809045,1.956971900910366,-0.6166032239112408
29.09547738693467,1.8581065465187037,-0.6945635458479108
29.246231155778894,1.7473890747113072,-0.7759796816930931
29.396984924623112,1.6236310647903072,-0.8675774823036749
29.547738693467334,1.4849970411179456,-0.9756124235625669
29.698492462311556,1.3282680617543772,-1.107764003419228
29.849246231155774,1.1493235640686688,-1.2737078095232581
30.0,0.9418701550924505,-1.4867841467437215
